Year,Council,Incidence,Lower_95CI,Upper_95CI
2023,Adur,1.5127986462838303,-1.2045313537161697,9.58954864628383
2023,Amber Valley,0.1354568850284762,0.1354568850284762,3.0413668850284763
2023,Arun,2.229817067658889,0.7984370676588888,5.696437067658889
2023,Ashfield,0.28945572238766304,0.28945572238766304,3.189995722387663
2023,Ashford,0.28879994600630704,0.28879994600630704,3.009009946006307
2023,Babergh,0.7213758022711984,-0.3124641977288015,5.570545802271198
2023,Barking and Dagenham,0.6268986768192301,0.18384867681923006,2.7049986768192302
2023,Barnet,0.8875149189753113,0.13960491897531124,2.4916249189753112
2023,Barnsley,0.4271205159368803,0.4271205159368803,1.9237305159368803
2023,Basildon,0.8361370649188458,-0.09465293508115424,3.6027470649188458
2023,Basingstoke and Deane,5.38693066078812,2.7861906607881197,9.69155066078812
2023,Bassetlaw,1.1692572748979826,-0.2954227251020174,5.522727274897982
2023,Bath and North East Somerset,6.036456847673019,2.408526847673019,11.26022684767302
2023,Bedford,1.3583522408906021,-0.19399775910939754,4.687802240890602
2023,Bexley,0.2361211944528112,0.2361211944528112,1.7245611944528112
2023,Birmingham,0.6964474113384227,0.3037274113384227,1.3670774113384225
2023,Blaby,0.17117936315080368,0.17117936315080368,3.7119793631508036
2023,Blackburn with Darwen,0.43792298770727245,0.43792298770727245,2.8062029877072723
2023,Blackpool,1.1830783162334795,-0.058531683766520626,4.87350831623348
2023,Bolsover,0.6044903100790372,0.6044903100790372,5.127780310079038
2023,Bolton,0.20915026166816192,0.20915026166816192,1.443290261668162
2023,Boston,1.5248096429888127,0.14825964298881278,7.981389642988813
2023,Bournemouth,,,
2023,Bracknell Forest,1.4971818463801676,-0.37963815361983233,6.042601846380167
2023,Bradford,0.592791268187538,0.16189126818753796,1.636361268187538
2023,Braintree,0.38281473635669794,0.38281473635669794,2.722274736356698
2023,Breckland,1.0395863628537783,0.36026636285377833,4.225866362853778
2023,Brent,0.4184112759446301,-0.09673872405536987,1.9495912759446299
2023,Brentwood,0.5987485602531365,0.5987485602531365,5.368938560253137
2023,Brighton and Hove,1.9649608234306908,0.4591508234306907,4.6353308234306905
2023,Bristol,3.981122812051095,2.3109228120510945,6.298492812051094
2023,Broadland,0.38904240720935984,0.38904240720935984,3.1445724072093597
2023,Bromley,1.275315732709575,0.3923357327095749,3.1691357327095746
2023,Bromsgrove,0.6199446411206501,0.6199446411206501,4.30602464112065
2023,Broxbourne,0.47142773916567177,0.47142773916567177,4.193697739165672
2023,Broxtowe,0.14207341662809492,0.14207341662809492,3.432393416628095
2023,Buckinghamshire UA,1.043940782659541,0.1723207826595411,2.4866007826595413
2023,Burnley,0.19766491856580182,0.19766491856580182,4.058224918565802
2023,Bury,0.5031505103124665,0.5031505103124665,2.3987105103124664
2023,Calderdale,1.1441636933039514,0.2978536933039515,3.6596736933039513
2023,Cambridge,2.3215770889539673,-0.26225291104603254,7.124107088953967
2023,Camden,4.731974703721452,1.7030147037214514,9.198954703721451
2023,Cannock Chase,0.19324441016867056,0.19324441016867056,3.8405444101686705
2023,Canterbury,0.1395231139013252,0.1395231139013252,2.4809231139013255
2023,Castle Point,0.43794780678129114,0.43794780678129114,4.548987806781291
2023,Central Bedfordshire,0.8764756920524137,0.08665569205241375,2.789335692052414
2023,Charnwood,0.337825620796416,-0.18975437920358396,2.812355620796416
2023,Chelmsford,0.8787850648400544,-0.08004493515994571,3.728735064840054
2023,Cheltenham,1.2187288488035075,-0.2530411511964923,5.593268848803508
2023,Cherwell,0.6240733011733223,0.030313301173322205,3.4090333011733223
2023,Cheshire East,1.1227679636971848,0.1884879636971849,2.859297963697185
2023,Cheshire West and Chester,0.9876027088953268,0.3292227088953268,2.582122708895327
2023,Chesterfield,0.5141277449527003,0.5141277449527003,4.0573777449527
2023,Chichester,9.723371188370521,4.4858911883705215,17.447391188370524
2023,Chorley,1.4367615536348814,-0.045058446365118465,5.841171553634882
2023,City of London,,,
2023,Colchester,0.8273899921911044,-0.39761000780889566,3.794179992191104
2023,Cornwall,1.5530851088660573,0.5994951088660573,3.055965108866057
2023,Cotswold,3.3806671159260056,0.1936171159260054,10.216197115926006
2023,County Durham,0.637085889265297,0.08605588926529695,1.818925889265297
2023,Coventry,0.5977604873644857,0.10344048736448574,2.067020487364486
2023,Crawley,0.9086523507375489,0.9086523507375489,3.995352350737549
2023,Croydon,0.5867259839014886,0.5867259839014886,1.5272259839014886
2023,Cumberland,2.7830986494707117,0.8931986494707118,5.829818649470711
2023,Dacorum,0.6748535465039756,-0.45104645349602435,4.021373546503975
2023,Darlington,0.17869428440638357,0.17869428440638357,3.5484842844063835
2023,Dartford,1.1441942586100864,-0.33517574138991346,5.541334258610087
2023,Derby,0.5194508153700012,0.14954081537000113,2.254490815370001
2023,Derbyshire Dales,0.13533914379703593,0.13533914379703593,5.276489143797035
2023,Doncaster,0.6915380772969666,-0.0741019227030334,2.5457980772969666
2023,Dorset,5.9559414342232895,3.6543714342232896,9.062051434223289
2023,Dover,1.1582525300785205,-0.8688774699214796,6.067692530078521
2023,Dudley,0.5106435717258313,-0.0302664282741687,2.1183935717258313
2023,Ealing,1.0434448304056214,0.2567848304056215,2.7306448304056214
2023,East Cambridgeshire,1.5637437719122258,-0.40259622808777396,7.408303771912225
2023,East Devon,3.626548817091394,0.6840488170913939,8.651268817091394
2023,East Hampshire,8.993884213686162,4.009504213686161,16.44730421368616
2023,East Hertfordshire,0.5210793926646067,-0.12170060733539323,3.535979392664607
2023,East Lindsey,0.5194542813975703,-0.15546571860242964,3.6850842813975704
2023,East Riding of Yorkshire,0.7135174525998442,0.025887452599844152,2.378867452599844
2023,East Staffordshire,0.5106667022824957,0.5106667022824957,3.4439367022824956
2023,East Suffolk,0.710197065706291,0.710197065706291,2.203187065706291
2023,Eastbourne,1.6173872492834251,-0.10177275071657488,6.727257249283425
2023,Eastleigh,7.720792290419552,3.3460522904195518,14.364472290419553
2023,Elmbridge,2.9238432424528904,1.6684932424528902,6.65512324245289
2023,Enfield,0.769110340516422,0.04138034051642203,2.5316003405164222
2023,Epping Forest,0.5403071527788353,-0.18173284722116467,3.9269871527788354
2023,Epsom and Ewell,3.721040993106847,2.520460993106847,9.352250993106846
2023,Erewash,0.31640898409906126,0.31640898409906126,3.5785989840990613
2023,Exeter,2.266566197016969,0.963916197016969,6.1384561970169695
2023,Fareham,3.0210015947315947,0.48044159473159453,8.469931594731595
2023,Fenland,0.5583227371207582,0.5583227371207582,4.138542737120758
2023,Folkestone & Hythe,0.46129496806777426,0.46129496806777426,3.8076149680677744
2023,Forest of Dean,1.8405682154674492,-0.8674217845325505,8.39898821546745
2023,Fylde,1.918452905571267,0.7442529055712668,7.425932905571267
2023,Gateshead,1.1926883533854509,-0.2791416466145491,4.349438353385451
2023,Gedling,0.4934200019036644,-0.3344699980963356,4.3765800019036645
2023,Gloucester,1.4444915159919,-0.33897848400810004,5.7638315159919005
2023,Gosport,1.694064254079641,-0.44216574592035895,8.04356425407964
2023,Gravesham,0.4830401748235424,-0.42812982517645765,4.756800174823542
2023,Great Yarmouth,0.2548746247138406,0.2548746247138406,3.9488546247138405
2023,Greenwich,1.2336634508014255,0.0736734508014254,3.5245534508014256
2023,Guildford,4.87693733897866,1.3041373389786597,10.636657338978658
2023,Hackney,1.1004192292305732,0.4549792292305732,3.0188792292305733
2023,Halton,0.1912158996495068,0.1912158996495068,3.051615899649507
2023,Hammersmith and Fulham,5.849200439041808,1.7675604390418078,11.609820439041808
2023,Harborough,0.6133030996265094,-0.3567069003734906,5.163063099626509
2023,Haringey,1.1933922219014967,0.5219922219014967,3.188992221901497
2023,Harlow,1.0056112404048574,-0.8562787595951427,6.539711240404857
2023,Harrow,0.1831576998564629,0.1831576998564629,1.595517699856463
2023,Hart,7.2982192035991185,3.5343692035991183,14.29403920359912
2023,Hartlepool,0.6240202958302017,-0.41441970416979834,5.494670295830202
2023,Hastings,0.2942277901449565,0.2942277901449565,4.364847790144957
2023,Havant,3.046115577255538,0.34174557725553845,8.38701557725554
2023,Havering,0.30420396993087795,0.30420396993087795,1.6977939699308782
2023,Herefordshire,0.32825717493703555,0.32825717493703555,2.2829471749370356
2023,Hertsmere,1.035481067529557,0.13388106752955697,5.264331067529557
2023,High Peak,1.0870063365479914,0.017206336547991308,6.104776336547991
2023,Hillingdon,0.5602759847393955,0.24655598473939555,2.0317759847393955
2023,Hinckley and Bosworth,1.0971725678987867,-0.44072743210121335,5.668282567898787
2023,Horsham,2.0240850201972274,0.8419450201972274,5.537755020197228
2023,Hounslow,1.301062435502743,0.29925243550274305,3.4497224355027436
2023,Huntingdonshire,0.7391971305833975,-0.21585286941660242,3.5778971305833975
2023,Hyndburn,0.9545873169560581,-0.21672268304394193,6.448487316956058
2023,Ipswich,1.3094831185198834,0.6095131185198834,4.592603118519883
2023,Isle of Wight,1.0284271596342391,1.0284271596342391,3.648477159634239
2023,Isles of Scilly,,,
2023,Islington,3.6740582068735455,1.0424182068735455,7.740618206873545
2023,Kensington and Chelsea,2.0746145397581817,0.4452845397581815,6.020634539758181
2023,King's Lynn and West Norfolk,0.7076308306250914,0.7076308306250914,3.076230830625091
2023,Kingston upon Hull,0.6090416783685804,-0.04476832163141964,2.5523816783685804
2023,Kingston upon Thames,6.283776649401423,3.5825766494014233,10.896426649401423
2023,Kirklees,0.5472866719915045,0.1455866719915045,1.7412466719915045
2023,Knowsley,0.29439151282999887,0.29439151282999887,2.642451512829999
2023,Lambeth,1.3255975957633899,0.1267475957633899,3.5538775957633906
2023,Lancaster,2.199905617113414,0.5513156171134137,6.1925956171134136
2023,Leeds,1.0653546991225982,0.4325646991225982,2.085484699122598
2023,Leicester,0.23693480836164182,0.23693480836164182,1.2248548083616417
2023,Lewes,2.84217848215422,-0.51163151784578,9.46566848215422
2023,Lewisham,1.5910725666338084,0.3193325666338085,3.9548425666338085
2023,Lichfield,0.5646131380991072,-0.3349368619008928,4.7838631380991075
2023,Lincoln,0.6624274863791034,-0.28806251362089663,5.120607486379104
2023,Liverpool,0.5778744023329799,0.2240344023329799,1.6296044023329799
2023,Luton,1.407776153881679,-0.07985384611832114,4.345716153881679
2023,Maidstone,0.7270337334910595,-0.2472062665089404,3.6227437334910597
2023,Maldon,1.6518807818606105,-0.9501692181393893,9.38598078186061
2023,Malvern Hills,0.20680097724219926,0.20680097724219926,4.759620977242199
2023,Manchester,0.7699729753183115,0.17656297531831155,1.9419229753183114
2023,Mansfield,0.1427237930632927,0.1427237930632927,3.4625437930632925
2023,Medway,0.44054733166989424,0.09577733166989427,2.057667331669894
2023,Melton,0.11377464602173665,0.11377464602173665,7.149194646021737
2023,Merton,2.017138379941779,0.4445383799417788,5.122898379941779
2023,Mid Devon,5.1175851383376125,0.5844851383376124,13.543185138337613
2023,Mid Suffolk,1.065384359932421,-0.5972556400675788,6.007244359932422
2023,Mid Sussex,2.0326745011072727,-0.14670549889272744,6.336774501107273
2023,Middlesbrough,0.29123908880885063,0.29123908880885063,2.7789390888088503
2023,Milton Keynes,0.5901696496347859,0.2565796496347859,2.154829649634786
2023,Mole Valley,5.1508255469152155,2.4376555469152157,11.721795546915214
2023,New Forest,8.59514507036039,4.69918507036039,14.26916507036039
2023,Newark and Sherwood,0.565373693011184,0.565373693011184,3.514373693011184
2023,Newcastle upon Tyne,0.8101399368740342,0.23861993687403416,2.5088699368740346
2023,Newcastle-under-Lyme,0.4054909068071596,0.4054909068071596,3.3496009068071593
2023,Newham,0.522455571655572,0.250685571655572,1.7971555716555723
2023,North Devon,1.5119372918052711,0.5421472918052712,6.060607291805272
2023,North East Derbyshire,1.5535534997569962,-0.14016650024300392,6.587793499756996
2023,North East Lincolnshire,0.4873729567458043,-0.13047704325419573,3.3853329567458044
2023,North Hertfordshire,0.3843604020112782,0.3843604020112782,3.133990402011278
2023,North Kesteven,0.21865985094244733,0.21865985094244733,3.3001998509424473
2023,North Lincolnshire,0.62657784259249,0.05337784259249001,3.31511784259249
2023,North Norfolk,1.8019243478518914,0.8577143478518914,6.230654347851891
2023,North Northamptonshire,0.7884971241829133,0.1332171241829132,2.3754971241829135
2023,North Somerset,5.627030355842245,2.9806403558422447,9.716370355842244
2023,North Tyneside,1.0189400993431308,0.18383009934313077,3.501130099343131
2023,North Warwickshire,0.4441477574349413,0.4441477574349413,6.037937757434942
2023,North West Leicestershire,0.29557916537575324,0.29557916537575324,3.721609165375753
2023,North Yorkshire UA,1.5976327182060623,0.5798127182060624,3.1196227182060623
2023,Northumberland,2.003776684270627,0.7133566842706269,4.292176684270627
2023,Norwich,0.8317552233616756,-0.38449477663832443,4.446835223361676
2023,Nottingham,0.632846529091291,0.336156529091291,2.024466529091291
2023,Nuneaton and Bedworth,0.17616600232944563,0.17616600232944563,2.8989660023294457
2023,Oadby and Wigston,0.1644918235402283,0.1644918235402283,6.487451823540228
2023,Oldham,0.3925181037339992,-0.007081896266000809,2.266818103733999
2023,Oxford,2.7718853048082917,0.4454253048082917,7.096035304808291
2023,Pendle,1.129899831770071,-0.699040168229929,6.566049831770071
2023,Peterborough,0.6315687266561848,-0.17584127334381516,3.0314687266561844
2023,Plymouth,0.6785687195686101,0.3133287195686101,2.39167871956861
2023,Portsmouth,0.9708097610640729,-0.1717502389359271,3.7379497610640735
2023,Preston,0.9142954048660428,0.2712854048660428,3.930245404866043
2023,Reading,1.2882471350965472,-0.37640286490345276,4.858537135096547
2023,Redbridge,0.6256383292116654,-0.14028167078833464,2.480598329211665
2023,Redcar and Cleveland,1.7695650615945753,0.033585061594575194,5.973885061594574
2023,Redditch,0.7496737575241784,-0.36894624247582153,5.996483757524178
2023,Reigate and Banstead,1.1872535375152982,0.5528135375152982,4.163023537515298
2023,Ribble Valley,1.1448415237097982,1.1448415237097982,6.990281523709799
2023,Richmond upon Thames,7.013885230587902,3.895245230587902,11.749995230587903
2023,Rochdale,0.42005512065631234,-0.009334879343687652,2.4340751206563125
2023,Rochford,0.7550126790580127,-0.3625373209419873,5.996762679058012
2023,Rossendale,1.4231733621129,-1.0467066378871,8.7644133621129
2023,Rother,0.08068236487749181,0.08068236487749181,3.998272364877492
2023,Rotherham,0.6491577518066404,-0.23823224819335975,2.79828775180664
2023,Rugby,0.6641518023352055,0.6641518023352055,3.832311802335205
2023,Runnymede,1.7744540900947334,-0.21120590990526633,7.676464090094733
2023,Rushcliffe,0.40520894955287423,0.40520894955287423,3.439278949552874
2023,Rushmoor,2.2617448309119856,-0.6178751690880144,8.437864830911984
2023,Rutland,1.208448950539133,-1.160111049460867,12.317878950539132
2023,Salford,0.5016035198203487,0.5016035198203487,1.8282335198203485
2023,Sandwell,0.2856700333253118,0.2856700333253118,1.3573600333253117
2023,Sefton,0.6544100032906669,0.028920003290666907,2.513550003290667
2023,Sevenoaks,0.6161854208061385,0.6161854208061385,3.662175420806139
2023,Sheffield,0.5974784710246347,0.28704847102463465,1.5201684710246348
2023,Shropshire,1.470658924615849,0.191338924615849,3.7393589246158494
2023,Slough,1.0721869355359341,-0.42379306446406595,4.695246935535934
2023,Solihull,0.5782685547963101,0.13050855479631007,2.6784585547963102
2023,Somerset UA,4.814415411166685,3.061445411166685,7.098265411166685
2023,South Cambridgeshire,1.1934307106488138,0.6049807106488138,3.9535407106488134
2023,South Derbyshire,0.4901448115810335,0.4901448115810335,3.8094848115810334
2023,South Gloucestershire,1.6969908827807703,0.40847088278077015,4.09194088278077
2023,South Hams,8.17482466660486,3.112944666604859,16.81864466660486
2023,South Holland,1.0747002765539273,-0.7377797234460726,6.461920276553927
2023,South Kesteven,0.3715033580873016,0.3715033580873016,2.928803358087302
2023,South Norfolk,0.49461589775709486,0.49461589775709486,3.0458358977570947
2023,South Oxfordshire,1.9822319924634784,-0.24178800753652152,6.374501992463478
2023,South Ribble,0.5469306575684766,0.5469306575684766,3.8357006575684767
2023,South Staffordshire,0.6244020464447145,-0.2495379535552854,4.723542046444715
2023,South Tyneside,0.2882827169785758,0.2882827169785758,2.769582716978576
2023,Southampton,4.1074708424111614,1.8123908424111614,7.653960842411162
2023,Southend-on-Sea,0.023736379484809,0.023736379484809,2.062746379484809
2023,Southwark,1.252093078163016,0.3190930781630159,3.253163078163016
2023,Spelthorne,0.9028853139301679,-0.038374686069832076,5.317755313930168
2023,St Albans,1.4675992818447026,0.2827692818447025,4.989279281844702
2023,St. Helens,0.20537821431532044,0.20537821431532044,2.2023082143153205
2023,Stafford,0.8872681157889029,-0.380331884211097,4.654988115788903
2023,Staffordshire Moorlands,0.6878311678281214,-0.32852883217187856,5.454981167828122
2023,Stevenage,0.10172821893106199,0.10172821893106199,4.212498218931062
2023,Stockport,0.6777658039995718,0.34970580399957174,2.216485803999572
2023,Stockton-on-Tees,0.5918034101511775,0.10437341015117751,2.8780134101511776
2023,Stoke-on-Trent,0.6437140741691163,0.2687840741691163,2.4022740741691164
2023,Stratford-on-Avon,0.5064715372621714,0.5064715372621714,3.1683315372621714
2023,Stroud,2.9905080025509614,-0.0922419974490385,8.720368002550963
2023,Sunderland,0.5759964760357134,-0.05777352396428659,2.4597564760357136
2023,Surrey Heath,5.864600018402886,0.8817900184028851,14.373420018402886
2023,Sutton,1.3288822451801994,0.8648622451801994,3.505302245180199
2023,Swale,0.05495922020155708,0.05495922020155708,2.4407492202015573
2023,Swindon,1.2216465128560512,-0.013253487143948917,3.8702365128560516
2023,Tameside,0.4004041077591389,0.4004041077591389,1.9852941077591388
2023,Tamworth,0.7039417758585281,-0.519938224141472,6.444391775858528
2023,Tandridge,2.7427968314468734,-0.5378231685531265,9.778976831446874
2023,Teignbridge,5.7344065982813985,2.1415065982813988,11.681216598281399
2023,Telford and Wrekin,0.6712913018164237,0.1552413018164237,3.0918013018164237
2023,Tendring,0.2661259302183268,0.2661259302183268,2.701815930218327
2023,Test Valley,11.00975066050529,6.43535066050529,17.95663066050529
2023,Tewkesbury,1.0388997685774077,0.034069768577407844,5.7519297685774085
2023,Thanet,0.2829000306994085,0.2829000306994085,2.9049100306994085
2023,Three Rivers,0.5154979456675979,0.5154979456675979,4.434707945667598
2023,Thurrock,1.0834280824170615,-0.5618619175829387,4.612198082417062
2023,Tonbridge and Malling,1.354933918898802,0.0398239188988021,5.263843918898803
2023,Torbay,1.459976505539939,0.19971650553993903,5.205836505539939
2023,Torridge,2.449552231174591,-0.11151776882540876,10.061822231174592
2023,Tower Hamlets,1.1748480744647332,0.2815880744647332,3.090688074464733
2023,Trafford,0.5429456398990128,0.13046563989901278,2.477615639899013
2023,Tunbridge Wells,0.49550101568375104,0.49550101568375104,3.674801015683751
2023,Uttlesford,1.455854398110008,-1.1163856018899918,7.6854943981100075
2023,Vale of White Horse,1.6198190632274017,-0.05580093677259823,5.677969063227402
2023,Wakefield,0.7956842997580025,-0.0178257002419977,2.5404642997580025
2023,Walsall,0.3535569200573078,0.012886920057307849,1.951446920057308
2023,Waltham Forest,0.7548166825145697,-0.10833331748543018,2.8452666825145694
2023,Wandsworth,3.319593903697169,1.3123239036971688,6.279823903697169
2023,Warrington,0.8899731298092517,0.05918312980925167,3.3593431298092513
2023,Warwick,0.19780955311438447,0.19780955311438447,2.6382195531143844
2023,Watford,0.9163037156130862,-0.029706284386913806,5.353463715613087
2023,Waverley,8.289974313725807,4.288364313725808,14.740974313725808
2023,Wealden,1.133541631200358,0.5356216312003579,3.9380216312003578
2023,Welwyn Hatfield,0.2566085856212752,0.2566085856212752,3.325228585621275
2023,West Berkshire,3.6925789094306785,1.3511689094306787,8.04449890943068
2023,West Devon,8.576715992534336,2.049635992534336,20.708485992534335
2023,West Lancashire,1.7769352104506875,-0.21803478954931244,6.608485210450688
2023,West Lindsey,1.3701106721339513,0.3633806721339512,6.092050672133952
2023,West Northamptonshire,0.2185177294409255,0.2185177294409255,1.0783677294409255
2023,West Oxfordshire,1.0891625725374996,-0.41414742746250033,5.557462572537499
2023,West Suffolk,1.5935312005763438,-0.0034387994236564356,5.0186912005763435
2023,Westminster,2.21599899795918,0.6185189979591801,5.370888997959181
2023,Westmorland and Furness,4.584354529049197,1.7966245290491965,8.752994529049197
2023,Wigan,0.774265298116223,0.06152529811622309,2.500425298116223
2023,Wiltshire,4.427216861721429,2.795076861721429,6.658586861721429
2023,Winchester,11.33549181627563,6.073561816275629,18.998921816275626
2023,Windsor and Maidenhead,2.154760698240427,-0.02732930175957282,6.464190698240428
2023,Wirral,0.2396366127898341,0.2396366127898341,1.3836466127898341
2023,Woking,2.694615851531572,0.40881585153157207,8.230545851531573
2023,Wokingham,1.880935637082926,0.565045637082926,5.067855637082927
2023,Wolverhampton,0.3886240650476017,0.3886240650476017,1.7668640650476015
2023,Worcester,0.2163527864636034,0.2163527864636034,3.7592627864636032
2023,Worthing,0.7234026000283917,-0.14650739997160833,4.803622600028392
2023,Wychavon,1.3340166586018811,-0.4360133413981191,5.620806658601881
2023,Wyre,0.7625026812295951,-0.08645731877040486,4.744462681229595
2023,Wyre Forest,0.24714655945478564,0.24714655945478564,3.8521065594547856
2023,York,1.1427527496503413,-0.021427250349658644,3.962232749650341
2024,Adur,1.4188680556184448,-1.2984619443815553,9.495618055618445
2024,Amber Valley,0.18482965112251837,0.18482965112251837,3.0907396511225183
2024,Arun,1.965100294390438,0.533720294390438,5.431720294390438
2024,Ashfield,0.41940376468828633,0.41940376468828633,3.3199437646882863
2024,Ashford,0.4392401350239235,0.4392401350239235,3.1594501350239232
2024,Babergh,0.8311503543440437,-0.20268964565595615,5.680320354344044
2024,Barking and Dagenham,0.6852047500164334,0.24215475001643344,2.7633047500164336
2024,Barnet,0.9456735058705208,0.19776350587052072,2.5497835058705207
2024,Barnsley,0.5800253800232267,0.5800253800232267,2.0766353800232267
2024,Basildon,0.9010490803951994,-0.02974091960480063,3.6676590803951994
2024,Basingstoke and Deane,4.70998809161376,2.10924809161376,9.01460809161376
2024,Bassetlaw,1.120140821241014,-0.344539178758986,5.473610821241014
2024,Bath and North East Somerset,5.472042218014367,1.8441122180143665,10.695812218014368
2024,Bedford,1.3208635483510611,-0.23148645164893855,4.650313548351061
2024,Bexley,0.3213711309578032,0.3213711309578032,1.809811130957803
2024,Birmingham,0.7205542728787778,0.3278342728787778,1.3911842728787778
2024,Blaby,0.22841710919078972,0.22841710919078972,3.7692171091907896
2024,Blackburn with Darwen,0.4943667103358109,0.4943667103358109,2.862646710335811
2024,Blackpool,1.1003216146085624,-0.14128838539143773,4.790751614608562
2024,Bolsover,0.8890893995905481,0.8890893995905481,5.412379399590549
2024,Bolton,0.2784847996524197,0.2784847996524197,1.5126247996524196
2024,Boston,1.6091679894589657,0.23261798945896572,8.065747989458966
2024,Bournemouth,,,
2024,Bracknell Forest,1.462646713334402,-0.41417328666559783,6.008066713334403
2024,Bradford,0.7059041004117329,0.27500410041173284,1.749474100411733
2024,Braintree,0.6455985426593901,0.6455985426593901,2.98505854265939
2024,Breckland,1.0613413880522065,0.38202138805220653,4.247621388052206
2024,Brent,0.5062397969836623,-0.008910203016337714,2.037419796983662
2024,Brentwood,0.4230945359222374,0.4230945359222374,5.1932845359222375
2024,Brighton and Hove,2.042378589509317,0.5365685895093171,4.712748589509317
2024,Bristol,3.511932223866947,1.8417322238669467,5.8293022238669465
2024,Broadland,0.48489864499623825,0.48489864499623825,3.2404286449962383
2024,Bromley,1.1183242867150924,0.23534428671509233,3.0121442867150923
2024,Bromsgrove,0.8807406649577306,0.8807406649577306,4.5668206649577305
2024,Broxbourne,0.5692649199669477,0.5692649199669477,4.2915349199669475
2024,Broxtowe,0.21442735957544007,0.21442735957544007,3.50474735957544
2024,Buckinghamshire UA,1.1203503592545752,0.2487303592545752,2.5630103592545757
2024,Burnley,0.2744747297404297,0.2744747297404297,4.13503472974043
2024,Bury,0.6237591026021191,0.6237591026021191,2.519319102602119
2024,Calderdale,1.2361810767833303,0.38987107678333044,3.75169107678333
2024,Cambridge,2.067409221509437,-0.5164207784905628,6.869939221509437
2024,Camden,4.340283355741795,1.311323355741794,8.807263355741796
2024,Cannock Chase,0.269947397329928,0.269947397329928,3.9172473973299278
2024,Canterbury,0.2083675592595131,0.2083675592595131,2.5497675592595135
2024,Castle Point,0.728492169704965,0.728492169704965,4.839532169704965
2024,Central Bedfordshire,1.0042336568294679,0.2144136568294679,2.9170936568294676
2024,Charnwood,0.3627065488467366,-0.16487345115326335,2.837236548846737
2024,Chelmsford,1.063740756364485,0.10491075636448488,3.9136907563644847
2024,Cheltenham,1.3643314132344435,-0.10743858676555629,5.738871413234444
2024,Cherwell,0.6531939438560621,0.059433943856062044,3.438153943856062
2024,Cheshire East,1.074278974092035,0.1399989740920352,2.8108089740920352
2024,Cheshire West and Chester,1.0851618485800794,0.4267818485800794,2.6796818485800795
2024,Chesterfield,0.5642017442615296,0.5642017442615296,4.10745174426153
2024,Chichester,8.65800593401124,3.4205259340112395,16.38202593401124
2024,Chorley,1.4701761419010309,-0.011643858098969062,5.874586141901031
2024,City of London,,,
2024,Colchester,0.7632717992730917,-0.46172820072690834,3.7300617992730913
2024,Cornwall,1.5254066346332233,0.5718166346332233,3.0282866346332233
2024,Cotswold,2.900404251473084,-0.28664574852691604,9.735934251473084
2024,County Durham,0.7083408722131624,0.15731087221316242,1.8901808722131626
2024,Coventry,0.5767553753792922,0.08243537537929224,2.0460153753792927
2024,Crawley,1.3938184107274418,1.3938184107274418,4.480518410727441
2024,Croydon,0.6057957694273237,0.6057957694273237,1.5462957694273238
2024,Cumberland,2.591125087985896,0.7012250879858959,5.637845087985896
2024,Dacorum,0.7244246830597724,-0.40147531694022753,4.070944683059772
2024,Darlington,0.2973109247299559,0.2973109247299559,3.667100924729956
2024,Dartford,1.2909132581739575,-0.18845674182604233,5.688053258173958
2024,Derby,0.513582744070167,0.143672744070167,2.248622744070167
2024,Derbyshire Dales,0.1757480881994321,0.1757480881994321,5.316898088199432
2024,Doncaster,0.7744062757779056,0.008766275777905563,2.6286662757779053
2024,Dorset,5.716137674910225,3.4145676749102254,8.822247674910225
2024,Dover,1.0085236360107865,-1.0186063639892136,5.917963636010787
2024,Dudley,0.5440572178970375,0.0031472178970375353,2.151807217897038
2024,Ealing,1.1333800665520082,0.34672006655200827,2.8205800665520084
2024,East Cambridgeshire,1.7189685385232678,-0.24737146147673195,7.563528538523268
2024,East Devon,3.433435773596428,0.4909357735964277,8.458155773596427
2024,East Hampshire,7.382476624394521,2.39809662439452,14.83589662439452
2024,East Hertfordshire,0.646673376933662,0.003893376933662096,3.6615733769336622
2024,East Lindsey,0.47186839427042776,-0.2030516057295722,3.6374983942704278
2024,East Riding of Yorkshire,0.7745948344214636,0.08696483442146352,2.439944834421463
2024,East Staffordshire,0.7442582718254258,0.7442582718254258,3.677528271825426
2024,East Suffolk,1.0281931449547819,1.0281931449547819,2.521183144954782
2024,Eastbourne,1.5431226774135243,-0.17603732258647575,6.652992677413524
2024,Eastleigh,6.737832822135776,2.3630928221357763,13.381512822135775
2024,Elmbridge,3.436572777860733,2.181222777860733,7.167852777860733
2024,Enfield,0.7911410372975751,0.06341103729757513,2.553631037297575
2024,Epping Forest,0.6834218680140589,-0.038618131985941107,4.070101868014059
2024,Epsom and Ewell,3.2367422616756434,2.0361622616756434,8.867952261675644
2024,Erewash,0.4612074665423231,0.4612074665423231,3.723397466542323
2024,Exeter,2.3324363953800766,1.0297863953800765,6.204326395380077
2024,Fareham,2.6626263715654463,0.1220663715654462,8.111556371565447
2024,Fenland,0.6093599340311615,0.6093599340311615,4.189579934031162
2024,Folkestone & Hythe,0.6869546419682836,0.6869546419682836,4.0332746419682834
2024,Forest of Dean,1.848701827413667,-0.8592881725863326,8.407121827413668
2024,Fylde,1.9695101327691258,0.7953101327691257,7.476990132769126
2024,Gateshead,1.2510449671765715,-0.22078503282342843,4.407794967176571
2024,Gedling,0.5121389515445134,-0.3157510484554866,4.395298951544514
2024,Gloucester,1.3889646525020614,-0.39450534749793875,5.708304652502061
2024,Gosport,1.3755268929319704,-0.7607031070680295,7.72502689293197
2024,Gravesham,0.5132275775971634,-0.3979424224028366,4.786987577597163
2024,Great Yarmouth,0.22417337884081906,0.22417337884081906,3.918153378840819
2024,Greenwich,1.1335795202616412,-0.02641047973835886,3.424469520261641
2024,Guildford,4.575582199527369,1.0027821995273682,10.335302199527368
2024,Hackney,1.1953144828648306,0.5498744828648305,3.11377448286483
2024,Halton,0.25794663397030165,0.25794663397030165,3.1183466339703014
2024,Hammersmith and Fulham,5.27115204604191,1.1895120460419095,11.031772046041912
2024,Harborough,0.6125348435342378,-0.3574751564657622,5.162294843534238
2024,Haringey,1.3225277515978968,0.6511277515978968,3.318127751597897
2024,Harlow,0.9918723249877419,-0.8700176750122581,6.525972324987743
2024,Harrow,0.3139270796419944,0.3139270796419944,1.7262870796419945
2024,Hart,6.972660868798544,3.2088108687985435,13.968480868798544
2024,Hartlepool,0.6525480521763785,-0.3858919478236216,5.523198052176379
2024,Hastings,0.26947188384274745,0.26947188384274745,4.340091883842748
2024,Havant,3.0205852398318678,0.3162152398318683,8.361485239831868
2024,Havering,0.504495358696152,0.504495358696152,1.8980853586961521
2024,Herefordshire,0.37300377819698594,0.37300377819698594,2.327693778196986
2024,Hertsmere,0.9712804960902295,0.06968049609022953,5.20013049609023
2024,High Peak,1.069217493413475,-0.0005825065865250334,6.086987493413474
2024,Hillingdon,0.7197524709617827,0.40603247096178274,2.1912524709617824
2024,Hinckley and Bosworth,0.9518577416900216,-0.5860422583099785,5.522967741690022
2024,Horsham,1.6782815869650485,0.4961415869650485,5.1919515869650485
2024,Hounslow,1.3789974908880893,0.37718749088808945,3.5276574908880898
2024,Huntingdonshire,0.7853311722890368,-0.16971882771096314,3.624031172289037
2024,Hyndburn,0.8282931447670581,-0.343016855232942,6.322193144767058
2024,Ipswich,1.4951626292362117,0.7951926292362117,4.7782826292362115
2024,Isle of Wight,1.206455153759116,1.206455153759116,3.8265051537591157
2024,Isles of Scilly,,,
2024,Islington,3.661579220884149,1.029939220884149,7.728139220884149
2024,Kensington and Chelsea,1.8589178881846016,0.2295878881846014,5.804937888184601
2024,King's Lynn and West Norfolk,0.7713780792232707,0.7713780792232707,3.1399780792232708
2024,Kingston upon Hull,0.5631098352121824,-0.09070016478781762,2.5064498352121825
2024,Kingston upon Thames,5.088174366527796,2.3869743665277965,9.700824366527796
2024,Kirklees,0.6696871811699489,0.26798718116994885,1.863647181169949
2024,Knowsley,0.29188930568129917,0.29188930568129917,2.639949305681299
2024,Lambeth,1.252134315099974,0.053284315099974,3.4804143150999747
2024,Lancaster,1.8040590422946863,0.15546904229468606,5.796749042294686
2024,Leeds,1.172720065518647,0.539930065518647,2.192850065518647
2024,Leicester,0.3488750511579105,0.3488750511579105,1.3367950511579105
2024,Lewes,2.6751490928220676,-0.6786609071779326,9.298639092822068
2024,Lewisham,1.530530030892793,0.25879003089279307,3.894300030892793
2024,Lichfield,0.5755681823640998,-0.32398181763590017,4.7948181823641
2024,Lincoln,0.5752342007397301,-0.37525579926027,5.03341420073973
2024,Liverpool,0.6515226206990626,0.2976826206990626,1.7032526206990624
2024,Luton,1.373793305885381,-0.11383669411461916,4.311733305885381
2024,Maidstone,0.7887573730327346,-0.18548262696726525,3.684467373032735
2024,Maldon,1.4014164656498556,-1.2006335343501442,9.135516465649856
2024,Malvern Hills,0.29571608625689866,0.29571608625689866,4.848536086256899
2024,Manchester,0.8052142881939577,0.2118042881939577,1.9771642881939575
2024,Mansfield,0.20290109812238488,0.20290109812238488,3.5227210981223847
2024,Medway,0.5310288700731498,0.18625887007314984,2.1481488700731495
2024,Melton,0.17831965873136135,0.17831965873136135,7.213739658731361
2024,Merton,1.9320022246009843,0.35940222460098403,5.037762224600984
2024,Mid Devon,4.933870037218831,0.4007700372188312,13.35947003721883
2024,Mid Suffolk,1.1236296883571815,-0.5390103116428184,6.065489688357181
2024,Mid Sussex,2.0221301571507477,-0.15724984284925236,6.326230157150748
2024,Middlesbrough,0.3115636136295592,0.3115636136295592,2.799263613629559
2024,Milton Keynes,0.5684683363403354,0.23487833634033545,2.1331283363403353
2024,Mole Valley,4.19516057922306,1.4819905792230603,10.76613057922306
2024,New Forest,7.16935309300769,3.27339309300769,12.84337309300769
2024,Newark and Sherwood,0.8606288154869983,0.8606288154869983,3.809628815486998
2024,Newcastle upon Tyne,0.9734029999704795,0.4018829999704795,2.6721329999704797
2024,Newcastle-under-Lyme,0.5697568079962154,0.5697568079962154,3.513866807996215
2024,Newham,0.7058021785902427,0.43403217859024273,1.980502178590243
2024,North Devon,1.6374061955943098,0.6676161955943098,6.18607619559431
2024,North East Derbyshire,1.5581115786292012,-0.13560842137079887,6.5923515786292
2024,North East Lincolnshire,0.4534662438752616,-0.16438375612473843,3.3514262438752613
2024,North Hertfordshire,0.46991112635598986,0.46991112635598986,3.2195411263559897
2024,North Kesteven,0.36402262670392327,0.36402262670392327,3.445562626703923
2024,North Lincolnshire,0.669605634017992,0.09640563401799196,3.358145634017992
2024,North Norfolk,1.8991502772833342,0.9549402772833342,6.3278802772833345
2024,North Northamptonshire,0.8003885911498952,0.14510859114989516,2.3873885911498953
2024,North Somerset,4.633890801184919,1.9875008011849191,8.723230801184918
2024,North Tyneside,1.0739520330945014,0.23884203309450136,3.5561420330945017
2024,North Warwickshire,0.6202643324695135,0.6202643324695135,6.214054332469514
2024,North West Leicestershire,0.4490804539811653,0.4490804539811653,3.8751104539811654
2024,North Yorkshire UA,1.7119963201973616,0.6941763201973616,3.2339863201973618
2024,Northumberland,2.0360676383667764,0.7456476383667763,4.324467638366777
2024,Norwich,0.9192742252703632,-0.2969757747296369,4.534354225270363
2024,Nottingham,0.6078782473524762,0.3111882473524762,1.9994982473524763
2024,Nuneaton and Bedworth,0.22455709654767653,0.22455709654767653,2.9473570965476763
2024,Oadby and Wigston,0.22747434196483657,0.22747434196483657,6.550434341964837
2024,Oldham,0.4275831342515256,0.0279831342515256,2.3018831342515256
2024,Oxford,2.791321433163649,0.4648614331636489,7.115471433163648
2024,Pendle,1.0759049343983786,-0.7530350656016214,6.512054934398378
2024,Peterborough,0.5694067880572139,-0.23800321194278606,2.9693067880572137
2024,Plymouth,0.7686469450912283,0.4034069450912283,2.4817569450912282
2024,Portsmouth,0.9680973037393241,-0.1744626962606759,3.7352373037393245
2024,Preston,0.8460043252828109,0.20299432528281092,3.8619543252828112
2024,Reading,1.2442425558745742,-0.42040744412542574,4.814532555874575
2024,Redbridge,0.6642701849966687,-0.10164981500333137,2.5192301849966685
2024,Redcar and Cleveland,1.6283649541808514,-0.10761504581914871,5.83268495418085
2024,Redditch,0.7595129298757708,-0.35910707012422916,6.006322929875771
2024,Reigate and Banstead,0.9602510974284117,0.32581109742841174,3.9360210974284113
2024,Ribble Valley,1.3327577319334254,1.3327577319334254,7.178197731933425
2024,Richmond upon Thames,6.3716990274949445,3.253059027494945,11.107809027494945
2024,Rochdale,0.4685418213769898,0.039151821376989804,2.4825618213769896
2024,Rochford,0.6467491985903985,-0.47080080140960157,5.888499198590398
2024,Rossendale,1.3326709807744157,-1.1372090192255842,8.673910980774416
2024,Rother,0.17580862191063507,0.17580862191063507,4.0933986219106355
2024,Rotherham,0.6462572156865546,-0.24113278431344554,2.7953872156865542
2024,Rugby,0.7792663919149326,0.7792663919149326,3.9474263919149326
2024,Runnymede,1.8560714533105445,-0.1295885466894553,7.758081453310544
2024,Rushcliffe,0.6142172017225499,0.6142172017225499,3.6482872017225496
2024,Rushmoor,2.1068068551966537,-0.7728131448033464,8.282926855196653
2024,Rutland,1.1111419031442167,-1.2574180968557833,12.220571903144217
2024,Salford,0.5700839972744649,0.5700839972744649,1.8967139972744649
2024,Sandwell,0.3746138840175201,0.3746138840175201,1.4463038840175202
2024,Sefton,0.6965615855674341,0.07107158556743409,2.555701585567434
2024,Sevenoaks,0.4356141979332254,0.4356141979332254,3.4816041979332257
2024,Sheffield,0.7290469425747385,0.4186169425747384,1.6517369425747384
2024,Shropshire,1.4551832452186393,0.17586324521863927,3.72388324521864
2024,Slough,0.9928727092245773,-0.5031072907754228,4.615932709224577
2024,Solihull,0.6006266483741909,0.15286664837419084,2.700816648374191
2024,Somerset UA,4.423353702633372,2.6703837026333717,6.707203702633372
2024,South Cambridgeshire,1.3742326418052762,0.7857826418052761,4.134342641805276
2024,South Derbyshire,0.5358323653585586,0.5358323653585586,3.8551723653585586
2024,South Gloucestershire,1.7236709218202961,0.435150921820296,4.118620921820296
2024,South Hams,7.6298262299633155,2.567946229963315,16.273646229963315
2024,South Holland,1.0082800122883149,-0.804199987711685,6.3955000122883146
2024,South Kesteven,0.5545212548706933,0.5545212548706933,3.1118212548706934
2024,South Norfolk,0.5042019545517172,0.5042019545517172,3.055421954551717
2024,South Oxfordshire,1.974927214002516,-0.24909278599748386,6.367197214002516
2024,South Ribble,0.7801773267030505,0.7801773267030505,4.06894732670305
2024,South Staffordshire,0.6470867822163519,-0.2268532177836481,4.746226782216352
2024,South Tyneside,0.30733860229717985,0.30733860229717985,2.78863860229718
2024,Southampton,3.7306750723725335,1.4355950723725335,7.277165072372534
2024,Southend-on-Sea,0.11297106700105108,0.11297106700105108,2.151981067001051
2024,Southwark,1.4300264583840994,0.4970264583840993,3.4310964583840993
2024,Spelthorne,0.9116133045341785,-0.029646695465821438,5.326483304534179
2024,St Albans,1.471286263518551,0.286456263518551,4.992966263518551
2024,St. Helens,0.2875766371617729,0.2875766371617729,2.284506637161773
2024,Stafford,0.8994998090185433,-0.3681001909814565,4.667219809018544
2024,Staffordshire Moorlands,0.7091662394121093,-0.3071937605878906,5.47631623941211
2024,Stevenage,0.2142773662488936,0.2142773662488936,4.325047366248893
2024,Stockport,0.8216432161241696,0.49358321612416955,2.3603632161241697
2024,Stockton-on-Tees,0.5471114662362052,0.05968146623620518,2.8333214662362054
2024,Stoke-on-Trent,0.6671891374218691,0.29225913742186915,2.425749137421869
2024,Stratford-on-Avon,0.4707859899160495,0.4707859899160495,3.1326459899160493
2024,Stroud,2.6189908884721085,-0.4637591115278914,8.348850888472109
2024,Sunderland,0.7014275113635744,0.06765751136357445,2.5851875113635745
2024,Surrey Heath,5.915332888448523,0.9325228884485224,14.424152888448523
2024,Sutton,1.2172874389634996,0.7532674389634996,3.3937074389634994
2024,Swale,0.13152339911860012,0.13152339911860012,2.5173133991186
2024,Swindon,1.2033886619841407,-0.03151133801585937,3.851978661984141
2024,Tameside,0.38098433809212995,0.38098433809212995,1.9658743380921297
2024,Tamworth,0.687805611483723,-0.5360743885162771,6.428255611483723
2024,Tandridge,2.644277521909906,-0.6363424780900937,9.680457521909908
2024,Teignbridge,5.36968147858821,1.7767814785882101,11.316491478588208
2024,Telford and Wrekin,0.8175836766810491,0.30153367668104913,3.238093676681049
2024,Tendring,0.1725526187759902,0.1725526187759902,2.60824261877599
2024,Test Valley,10.380392580776748,5.805992580776748,17.32727258077675
2024,Tewkesbury,0.838357542962977,-0.16647245703702285,5.551387542962978
2024,Thanet,0.4049485848985068,0.4049485848985068,3.026958584898507
2024,Three Rivers,0.6096454131717417,0.6096454131717417,4.528855413171742
2024,Thurrock,1.0436907177031713,-0.6015992822968288,4.572460717703171
2024,Tonbridge and Malling,1.6342863711502946,0.3191763711502946,5.543196371150295
2024,Torbay,1.5118847733484446,0.2516247733484447,5.2577447733484455
2024,Torridge,2.6482808761718353,0.08721087617183532,10.260550876171834
2024,Tower Hamlets,1.0718951293005452,0.17863512930054526,2.987735129300545
2024,Trafford,0.588994232054131,0.17651423205413103,2.523664232054131
2024,Tunbridge Wells,0.5771457311408171,0.5771457311408171,3.756445731140817
2024,Uttlesford,1.3570116351989503,-1.2152283648010496,7.58665163519895
2024,Vale of White Horse,1.8377324519035443,0.1621124519035444,5.895882451903544
2024,Wakefield,0.8798974424148023,0.0663874424148021,2.6246774424148023
2024,Walsall,0.3986990976581749,0.05802909765817493,1.996589097658175
2024,Waltham Forest,0.8847834285589109,0.02163342855891104,2.9752334285589104
2024,Wandsworth,3.1769794256266675,1.1697094256266674,6.137209425626668
2024,Warrington,0.9536524917414487,0.1228624917414487,3.4230224917414485
2024,Warwick,0.27885222105934493,0.27885222105934493,2.7192622210593447
2024,Watford,0.758603069607767,-0.187406930392233,5.195763069607768
2024,Waverley,7.511251400369386,3.5096414003693868,13.962251400369386
2024,Wealden,1.155002160368895,0.5570821603688949,3.9594821603688946
2024,Welwyn Hatfield,0.44914760961798716,0.44914760961798716,3.5177676096179873
2024,West Berkshire,3.251004142787968,0.9095941427879684,7.602924142787968
2024,West Devon,8.171688958679786,1.644608958679786,20.303458958679787
2024,West Lancashire,1.9324392889555573,-0.06253071104444263,6.763989288955557
2024,West Lindsey,1.1363361090240125,0.12960610902401237,5.858276109024013
2024,West Northamptonshire,0.31308778917497926,0.31308778917497926,1.1729377891749793
2024,West Oxfordshire,0.9694459437001686,-0.5338640562998314,5.437745943700168
2024,West Suffolk,1.240786361651069,-0.3561836383489312,4.665946361651069
2024,Westminster,2.3098927355800294,0.7124127355800294,5.46478273558003
2024,Westmorland and Furness,4.4142334273717685,1.6265034273717682,8.582873427371768
2024,Wigan,0.7629346744905244,0.050194674490524505,2.4890946744905245
2024,Wiltshire,4.251369730714344,2.619229730714344,6.482739730714344
2024,Winchester,10.058662788147656,4.796732788147655,17.722092788147656
2024,Windsor and Maidenhead,2.097194629733738,-0.0848953702662616,6.406624629733739
2024,Wirral,0.288671554858187,0.288671554858187,1.432681554858187
2024,Woking,2.30639176328357,0.020591763283570153,7.842321763283571
2024,Wokingham,1.7146517291947183,0.3987617291947183,4.901571729194719
2024,Wolverhampton,0.37619044182280614,0.37619044182280614,1.754430441822806
2024,Worcester,0.3111432803526051,0.3111432803526051,3.854053280352605
2024,Worthing,0.6640136364445433,-0.20589636355545682,4.744233636444544
2024,Wychavon,1.3619000853778744,-0.4081299146221258,5.648690085377874
2024,Wyre,0.6705118145206024,-0.17844818547939756,4.652471814520602
2024,Wyre Forest,0.31926469750900316,0.31926469750900316,3.924224697509003
2024,York,1.212418923821038,0.048238923821038115,4.031898923821037
